<?xml version="1.0" encoding="UTF-8"?>
<beans xmlns="http://www.springframework.org/schema/beans"
	xmlns:xsi="http://www.w3.org/2001/XMLSchema-instance"
	xmlns:mybatis-spring="http://mybatis.org/schema/mybatis-spring"
	xsi:schemaLocation="http://mybatis.org/schema/mybatis-spring http://mybatis.org/schema/mybatis-spring-1.2.xsd
		http://www.springframework.org/schema/beans https://www.springframework.org/schema/beans/spring-beans.xsd">

	<!-- Root Context: defines shared resources visible to all other web components -->
	<!-- HikariCP 설정을 담고 있는 빈 -->
	<bean id="hikariConfig" class="com.zaxxer.hikari.HikariConfig">  <!-- 참조변수에 담아서 new -->
		<property name="driverClassName"
			value="net.sf.log4jdbc.sql.jdbcapi.DriverSpy" /> <!-- JDBC 드라이버 클래스명 -->
		<property name="jdbcUrl"
			value="jdbc:log4jdbc:mysql://localhost:3306/bbs" />  <!-- JDBC URL -->
		<property name="username" value="root" /> <!-- 데이터베이스 사용자 이름 -->
		<property name="password" value="1234" />    <!-- 데이터베이스 비밀번호 -->
	</bean>

	<!-- HikariCP를 사용한 데이터베이스 커넥션 풀을 생성하는 빈 -->
	<bean id="dataSource" class="com.zaxxer.hikari.HikariDataSource"
		destroy-method="close">
		<constructor-arg ref="hikariConfig">
		</constructor-arg>    <!-- HikariConfig 빈을 생성자 인자로 사용 --><!-- 참조변수사용 -->
	</bean>

	<!-- MyBatis SqlSessionFactoryBean 설정 -->
	<bean id="sqlSessionFactory"
		class="org.mybatis.spring.SqlSessionFactoryBean">
		<property name="dataSource" ref="dataSource"></property>
	</bean>
	
	<!-- com.dino.mapper 패키지 내의 MyBatis 매퍼 인터페이스를 자동으로 스캔하는 설정 -->
    <mybatis-spring:scan base-package="com.dino.mapper"/>
</beans>
