<?xml version="1.0" encoding="UTF-8" ?>
<!DOCTYPE mapper
  PUBLIC "-//mybatis.org//DTD Mapper 3.0//EN"
  "https://mybatis.org/dtd/mybatis-3-mapper.dtd">
<mapper namespace="com.dino.mapper.TestMapper">
	<select id="getTime" resultType="string">
		select now()
	</select>


	<insert id="insert">
		insert into test(title, content)
		values(#{title},
		#{content})
	</insert>

	<select id="getList" resultType="com.dino.domain.TestVO">
		select * from test
	</select>
	
	 <select id="getOne" parameterType="int" resultType="com.dino.domain.TestVO">
        select * from test where id = #{id}
    </select>

	<update id="update" parameterType="com.dino.domain.TestVO">
		update test set title =
		#{title}, content = #{content} where id = #{id}
	</update>

	<delete id="delete" parameterType="int">
		delete from test where id = #{id}
	</delete>




</mapper>